<?xml version="1.0" encoding="UTF-8"?>
<project-private xmlns="http://www.netbeans.org/ns/project-private/1">
    <editor-bookmarks xmlns="http://www.netbeans.org/ns/editor-bookmarks/2" lastBookmarkId="0"/>
    <open-files xmlns="http://www.netbeans.org/ns/projectui-open-files/2">
        <group>
            <file>file:/E:/CS101-Uvod%20u%20OOP%202019.20/2.Domaci%20zadaci%20CS101-Uvod%20u%20OOP%202019.20/CS101-DZ10-AndrijanaJovanovic3918/CS101-DZ10/src/zadatak8/Fakultet.java</file>
            <file>file:/E:/CS101-Uvod%20u%20OOP%202019.20/2.Domaci%20zadaci%20CS101-Uvod%20u%20OOP%202019.20/CS101-DZ10-AndrijanaJovanovic3918/CS101-DZ10/src/zadatak8/Zadatak8.java</file>
            <file>file:/E:/CS101-Uvod%20u%20OOP%202019.20/2.Domaci%20zadaci%20CS101-Uvod%20u%20OOP%202019.20/CS101-DZ10-AndrijanaJovanovic3918/CS101-DZ10/src/zadatak8/Student.java</file>
        </group>
    </open-files>
</project-private>
