<?xml version="1.0" encoding="UTF-8"?>
<project-private xmlns="http://www.netbeans.org/ns/project-private/1">
    <editor-bookmarks xmlns="http://www.netbeans.org/ns/editor-bookmarks/2" lastBookmarkId="0"/>
    <open-files xmlns="http://www.netbeans.org/ns/projectui-open-files/2">
        <group>
            <file>file:/C:/Users/GO%20Pantelej/Downloads/CS101-DZ13-AndrijanaJovanovic3918/CS101-DZ13-Z08/src/exception/NoOperandException.java</file>
            <file>file:/C:/Users/GO%20Pantelej/Downloads/CS101-DZ13-AndrijanaJovanovic3918/CS101-DZ13-Z08/src/zadatak8/Zadatak8.java</file>
            <file>file:/C:/Users/GO%20Pantelej/Downloads/CS101-DZ13-AndrijanaJovanovic3918/CS101-DZ13-Z08/src/zadatak8/Kalkulator.java</file>
            <file>file:/C:/Users/GO%20Pantelej/Downloads/CS101-DZ13-AndrijanaJovanovic3918/CS101-DZ13-Z08/src/exception/InvalidOperatorException.java</file>
        </group>
    </open-files>
</project-private>
